{"cameraMode":{"drawMode":0,"name":"Shaded","section":"Shading Mode"},"sceneLighting":false,"audioPlay":false,"sceneViewState":{"m_AlwaysRefresh":false,"showFog":true,"showSkybox":true,"showFlares":true,"showImageEffects":true,"showParticleSystems":true,"showVisualEffectGraphs":true,"m_FxEnabled":false},"in2DMode":false,"pivot":{"x":243.31637573242188,"y":47.36293029785156,"z":164.62428283691407},"rotation":{"x":0.033213723450899127,"y":-0.3450304865837097,"z":0.012219466269016266,"w":0.9379286170005798},"size":1.9917833805084229,"orthographic":false}